{
    "roc_auc": 0.9752895917793115,
    "classification_report": {
        "0": {
            "precision": 0.9997185972070772,
            "recall": 0.999613111986494,
            "f1-score": 0.999665851814073,
            "support": 56864.0
        },
        "1": {
            "precision": 0.7884615384615384,
            "recall": 0.8367346938775511,
            "f1-score": 0.8118811881188118,
            "support": 98.0
        },
        "accuracy": 0.9993328885923949,
        "macro avg": {
            "precision": 0.8940900678343078,
            "recall": 0.9181739029320226,
            "f1-score": 0.9057735199664424,
            "support": 56962.0
        },
        "weighted avg": {
            "precision": 0.9993551410124727,
            "recall": 0.9993328885923949,
            "f1-score": 0.9993427785890784,
            "support": 56962.0
        }
    }
}