{
    "0.1": {
        "precision": 0.11780455153949129,
        "recall": 0.8979591836734694
    },
    "0.2": {
        "precision": 0.3320610687022901,
        "recall": 0.8877551020408163
    },
    "0.3": {
        "precision": 0.5414012738853503,
        "recall": 0.8673469387755102
    },
    "0.4": {
        "precision": 0.6829268292682927,
        "recall": 0.8571428571428571
    },
    "0.5": {
        "precision": 0.7884615384615384,
        "recall": 0.8367346938775511
    },
    "0.6": {
        "precision": 0.8387096774193549,
        "recall": 0.7959183673469388
    },
    "0.7": {
        "precision": 0.8333333333333334,
        "recall": 0.7653061224489796
    },
    "0.8": {
        "precision": 0.8470588235294118,
        "recall": 0.7346938775510204
    },
    "0.9": {
        "precision": 0.9117647058823529,
        "recall": 0.6326530612244898
    }
}